Workbook

Sheet Özet Rapor
A1: E-TİCARET SATIŞ PERFORMANSI | YÖNETİCİ ÖZETİ
A3: 2025 • 1.500 Sipariş • Python (pandas) + Excel (openpyxl)
A5: TOPLAM CİRO | E5: TOPLAM SİPARİŞ | I5: TOPLAM ÜRÜN ADEDİ
A6: =SUM('Ham Veri'!$E$6:$E$1505) | E6: =COUNTA('Ham Veri'!$A$6:$A$1505) | I6: =SUM('Ham Veri'!$F$6:$F$1505)
A10: ORTALAMA SEPET | E10: TEKİL MÜŞTERİ | I10: LİDER KATEGORİ
A11: =IFERROR(A6/E6,0) | E11: 555 | I11: ='Kategori Analizi'!$A$6
I16: ÖNE ÇIKAN BULGULAR
I18: • Lider kategori Teknoloji; toplam cironun %56.3'ini oluşturdu.
I21: • En güçlü ay Kas 2025; aylık ciro ₺1,067,229 seviyesine ulaştı.
I24: • Lider şehir İstanbul; toplam satış ₺2,516,534.
I27: • İlk 5 şehir toplam cironun %69.3'ini temsil ediyor.
I30: • En yüksek aylık büyüme Nis 2025 döneminde %33.7 oldu.
A33: Not: Veri Python ile simüle edilmiştir. Rapor, portföy ve eğitim amacıyla hazırlanmıştır.

Sheet Ham Veri
A1: HAM VERİ | E-TİCARET SİPARİŞLERİ
A3: 1500 satırlık sentetik veri • Filtrelenebilir Excel tablosu • Kişisel veri içermez
A5: Sipariş ID | B5: Tarih | C5: Müşteri ID | D5: Ürün Kategorisi | E5: Satış Tutarı | F5: Miktar | G5: Şehir
A6: SIP-202501-00001 | B6: 45658 | C6: MUS-0036 | D6: Ev/Yaşam | E6: 3486.68 | F6: 1 | G6: Mersin
A7: SIP-202501-00002 | B7: 45658 | C7: MUS-0034 | D7: Teknoloji | E7: 4800.82 | F7: 1 | G7: İstanbul
A8: SIP-202501-00003 | B8: 45658 | C8: MUS-0588 | D8: Ev/Yaşam | E8: 7150.01 | F8: 3 | G8: Antalya
A9: SIP-202501-00004 | B9: 45659 | C9: MUS-0027 | D9: Teknoloji | E9: 4192.11 | F9: 1 | G9: Ankara
A10: SIP-202501-00005 | B10: 45659 | C10: MUS-0267 | D10: Ev/Yaşam | E10: 3611.03 | F10: 1 | G10: İzmir
A11: SIP-202501-00006 | B11: 45659 | C11: MUS-0205 | D11: Ev/Yaşam | E11: 7064 | F11: 2 | G11: İstanbul
A12: SIP-202501-00007 | B12: 45660 | C12: MUS-0090 | D12: Teknoloji | E12: 13217.72 | F12: 1 | G12: Konya
A13: SIP-202501-00008 | B13: 45660 | C13: MUS-0564 | D13: Ev/Yaşam | E13: 15278.76 | F13: 4 | G13: Mersin
A14: SIP-202501-00009 | B14: 45660 | C14: MUS-0179 | D14: Moda | E14: 4946.81 | F14: 4 | G14: Gaziantep
A15: SIP-202501-00010 | B15: 45660 | C15: MUS-0506 | D15: Ev/Yaşam | E15: 1899.2 | F15: 1 | G15: İzmir
A16: SIP-202501-00011 | B16: 45661 | C16: MUS-0089 | D16: Teknoloji | E16: 11342.86 | F16: 1 | G16: İzmir
A17: SIP-202501-00012 | B17: 45661 | C17: MUS-0420 | D17: Teknoloji | E17: 7152.16 | F17: 1 | G17: Ankara
... A1505: SIP-202512-01500 | B1505: 46022 | C1505: MUS-0217 | D1505: Teknoloji | E1505: 27079.89 | F1505: 2 | G1505: İstanbul

Sheet Kategori Analizi
A1: KATEGORİ ANALİZİ
A3: Kategori bazında toplam satış, miktar, sipariş sayısı ve ciro payı
A5: Ürün Kategorisi | B5: Toplam Satış | C5: Toplam Miktar | D5: Sipariş Sayısı | E5: Satış Payı
A6: Teknoloji | B6: 4902723.4 | C6: 659 | D6: 497 | E6: =IFERROR(B6/SUM($B$6:$B$9),0)
A7: Ev/Yaşam | B7: 2283154 | C7: 670 | D7: 366 | E7: =IFERROR(B7/SUM($B$6:$B$9),0)
A8: Moda | B8: 1049889.4 | C8: 981 | D8: 426 | E8: =IFERROR(B8/SUM($B$6:$B$9),0)
A9: Kozmetik | B9: 478828.23 | C9: 589 | D9: 211 | E9: =IFERROR(B9/SUM($B$6:$B$9),0)

Sheet Aylık Trend
A1: AYLIK SATIŞ TRENDİ
A3: 2025 yılı aylık ciro, sipariş adedi, ortalama sepet ve büyüme görünümü
A5: Ay | B5: Aylık Satış | C5: Sipariş Sayısı | D5: Ortalama Sepet | E5: Aylık Büyüme
A6: Oca 2025 | B6: 479840.8 | C6: 86 | D6: =IFERROR(B6/C6,0)
A7: Şub 2025 | B7: 538972.86 | C7: 106 | D7: =IFERROR(B7/C7,0) | E7: =IFERROR(B7/B6-1,"")
A8: Mar 2025 | B8: 592272.1 | C8: 92 | D8: =IFERROR(B8/C8,0) | E8: =IFERROR(B8/B7-1,"")
A9: Nis 2025 | B9: 792103.11 | C9: 128 | D9: =IFERROR(B9/C9,0) | E9: =IFERROR(B9/B8-1,"")
A10: May 2025 | B10: 575117.22 | C10: 118 | D10: =IFERROR(B10/C10,0) | E10: =IFERROR(B10/B9-1,"")
A11: Haz 2025 | B11: 685011.15 | C11: 108 | D11: =IFERROR(B11/C11,0) | E11: =IFERROR(B11/B10-1,"")
A12: Tem 2025 | B12: 742471.75 | C12: 122 | D12: =IFERROR(B12/C12,0) | E12: =IFERROR(B12/B11-1,"")
A13: Ağu 2025 | B13: 648021.39 | C13: 122 | D13: =IFERROR(B13/C13,0) | E13: =IFERROR(B13/B12-1,"")
A14: Eyl 2025 | B14: 719802.08 | C14: 137 | D14: =IFERROR(B14/C14,0) | E14: =IFERROR(B14/B13-1,"")
A15: Eki 2025 | B15: 876338.62 | C15: 132 | D15: =IFERROR(B15/C15,0) | E15: =IFERROR(B15/B14-1,"")
A16: Kas 2025 | B16: 1067229.3 | C16: 181 | D16: =IFERROR(B16/C16,0) | E16: =IFERROR(B16/B15-1,"")
A17: Ara 2025 | B17: 997414.71 | C17: 168 | D17: =IFERROR(B17/C17,0) | E17: =IFERROR(B17/B16-1,"")

Sheet Şehir Analizi
A1: İLK 5 ŞEHİR ANALİZİ
A3: Ciroya göre lider şehirler, sipariş hacmi, miktar, ortalama sepet ve toplam pay
A5: Şehir | B5: Toplam Satış | C5: Sipariş Sayısı | D5: Toplam Miktar | E5: Ortalama Sepet | F5: Ciro Payı
A6: İstanbul | B6: 2516533.6 | C6: 440 | D6: 849 | E6: =IFERROR(B6/C6,0) | F6: =IFERROR(B6/SUM('Ham Veri'!$E$6:$E$1505),0)
A7: Ankara | B7: 1187837.6 | C7: 210 | D7: 394 | E7: =IFERROR(B7/C7,0) | F7: =IFERROR(B7/SUM('Ham Veri'!$E$6:$E$1505),0)
A8: Antalya | B8: 844180.66 | C8: 139 | D8: 282 | E8: =IFERROR(B8/C8,0) | F8: =IFERROR(B8/SUM('Ham Veri'!$E$6:$E$1505),0)
A9: İzmir | B9: 798192.31 | C9: 175 | D9: 328 | E9: =IFERROR(B9/C9,0) | F9: =IFERROR(B9/SUM('Ham Veri'!$E$6:$E$1505),0)
A10: Bursa | B10: 693753.97 | C10: 126 | D10: 242 | E10: =IFERROR(B10/C10,0) | F10: =IFERROR(B10/SUM('Ham Veri'!$E$6:$E$1505),0)
